Enlace,Titulo,Hashtags,Otros,Texto
https://youtu.be/FV7U4eaF2uI,Consultar una declaración de la renta de hace varios años.,#irpf #renta,,"Vamos a consultar una declaración de la renta de hace unos años. Entramos en la página de la agencia tributaria. Pinchamos en irpf, nos pedirá que nos identifiquemos, luego en consulta de declaraciones resentadas, ponemos de que año la queremos.Ya la tenemos."
https://youtu.be/GQIhmzziHxs,Certificado covid en el movil,#covid #certificadocovid,,"Vamos a sacar el certificado covid con el móvil en Andalucía. Entramos en clic salud. y nos identificaremos. entraremos en certificado covid 19, ve a certificado covid de la U E y dale a imprimir Puede que tarde unos segundos. Ten paciencia. Tendrás el documento en la carpeta descargas de tu móvil Te recomiendo que le hagas un acceso directo en el escritorio para tenerlo a mano cuando te haga falta."
https://youtu.be/1Wtia46A11c,OCR con Google Lens,#ocr,,"Una forma de usar el móvil como OCR Me han enviado una imagen con un texto, pero es una imagen, yo quiero pasarla a texto. He hecho un pantallazo y después he abierto la App Google Lens, y lo he buscado en los pantallazos, he elegido texto y le he dado a copiar, ya lo tengo en el portapapeles del móvil Y si le doy a copiar en un ordenador me lo pasa directamente al portapapeles del ordenador y ya con eso puedo pegar con control v en un archivo de texto que esté editando. Google Lens sirve para traducir un texto o para hacer OCR de una imagen que tengas en la galería o enfocando con la cámara. También es capaz de leer en voz alta cualquier texto en cualquier idioma.."
https://youtu.be/mgJWFLrI5BQ,Escanear con el móvil utilizando Drive de Google,#scan,,"Puedes escanear un documento con drive, sin utilizar otros productos que cuestan dinero o trae publicidad o quien sabe si virus. Entra en Drive, pulsa en el más para crear un documento nuevo Luego dale a escanear, se activará la cámara y haz una foto a lo que quieras escanear. Ponle nombre. ya puedes ver el resultado, estará recortado cuadrado y corregido . guárdalo y ya puedes enviar una copia por ejemplo por WhatsApp."
https://youtu.be/S1PmWUIrZAQ,Comunicación al SEPE de variación de rentas,#sepe,,"Cuando estas cobrando un subsidio, tienes la obligación de comunicar las variaciones de tu renta. desde hace poco se puede hacer telemáticamente. entra en la web del SEPE y entra en sede electrónica te identificarás, y pincha donde pone personas y entra donde pone comunicación de variaciones Si usas clave permanente ten en cuenta el aviso Entra en comunicación de la variación. Ve a rentas ciudadano Te presentará una pantalla para activar las notificaciones electrónicas. Puedes cambiar los datos de cada tipo de renta. Señala el check si la actividad que realizas no requiere estar dado de alta en el Régimen de la Seguridad Social. En cuyo caso podrás detallarlo También puedes anexar un documento acreditativo. Ya puedes firmarlo para comunicar el cambio. Si todo ha ido bien, podrás ver el documento y bajarlo para archivarlo o imprimirlo. Si no tienes informado el correo electrónico podrás informarlo en este momento"
https://youtu.be/CDvVHYRs0i8,Registrarse en Cl@ve con certificado digital,#clave,,"Clave permanente. https://clave.gob.es/clave_Home/registro/Como-puedo-registrarme.html Voy a explicar como sacar la clave permanente utilizando el certificado digital así podrás hacer trámites en dispositivos donde no tengas instalado el certificado. Entra el esta dirección, el enlace te lo dejo en la descripción pincha en ""con certificado electrónico"" Te mostrará un tutorial, y te mostrará 6 pasos. Pero, te lo resumo Ve al paso 6. Selecciona registrarse con certificado digital. Te pedirá el DNI y una vez lo pongas te pedirá la fecha de validez, y te pedirá que te identifique con certificado digital. Luego te pedirá un teléfono móvil donde recibirás el pin y un correo electrónico. Dale a aceptar y bájate el pdf con la confirmación del proceso."
https://youtu.be/MjZeMMcoHP4,Carpeta ciudadana,#carpetaciudadana,,"Vamos a ver la carpeta ciudadana, es básicamente consultar los datos que tiene la administración sobre nosotros. En la descripción dejo el enlace. Nos pide que nos identifiquemos Y ya podemos consultar las notificaciones y también nuestros datos. Esta puede ser, por ejemplo, la forma mas rápida de sacar una vida laboral. Pero también puedes consultar los datos del padrón, titulaciones, inmuebles, y hasta los puntos del carnet de conducir. Echa un vistazo a tus datos, Mis expedientes Muestra un resumen de tus expedientes abiertos o en tramitación en las administraciones públicas. Y te facilita el acceso a la sede electrónica donde consultar el expediente completo o continuar la tramitación. Mis notificaciones Permite consultar tus notificaciones pendientes y comparecer en ellas. También te da acceso a las notificaciones realizadas, comunicaciones y tus anuncios en el Tablón Edictal Único. Mis datos Permite consultar y te da acceso a tus datos en poder de las administraciones públicas, a los intercambios de tu información que se producen entre las administraciones o a la gestión de tus apoderamientos. Mis registros Permite realizar solicitudes por el Registro Electrónico General, consultar las solicitudes presentadas y consultar el estado de estas en una administración pública con destino a otra."
https://youtu.be/5AD_FY783KA,Solicitar el número de la seguridad social,#segsocial,,"Enlace: https://sede.administracion.gob.es/carpeta Si empiezas a trabajar y es la primera vez que lo haces, puede ser que te pidan solicitar el numero de la seguridad social Entra en la página de la seguridad social. Pincha en sede electrónica y después en ciudadanos y dentro selecciona afiliación. Busca en el menú solicitar el número de la seguridad social. Tendrás que identificarte para terminar el proceso."
https://youtu.be/xiUKR1b6KgE,Simulador de jubilación,#segsocial,,"Vamos a hacer una simulación de jubilación. Entramos en la web de la seguridad social y pincha donde pone prestaciones de la seguridad social. Luego en interesado y entra con clave o certificado digital. Automáticamente saldrá lo que has cotizado y tendrás la opción de ver tus cotizaciones y otra para simular tu jubilación, Pincha en esto último y ya tienes una estimación de lo que cobrarás, Puedes ver cuánto cobrarías cambiando la fecha de jubilación. También puedes sacar un informe completo de los datos que se han tenido en cuenta para hacer la simulación,. Es muy útil para comprender como funciona el sistema. Aprovecha para comprobar tus datos de contacto."
https://youtu.be/F3e22Hj-qPU,Fórmate,#sae #websae,,"Tanto si estás trabajando como en desempleo debes formarte, hay recursos gratis como los que cuento a continuación: En la descripción del vídeo pongo los enlaces. En la página de la oficina virtual F P E https://www.juntadeandalucia.es/empleoformacionytrabajoautonomo/oficinavirtualFPE/ov-fpe/%23!welcome&sa=D&source=editors&ust=1637236879410000&usg=AOvVaw3Q5qC1BzkhFi3t4-lsqyda están los cursos para desempleados que gestiona la Junta de Andalucía. En la página de fundae https://www.fundae.es/trabajadores/buscador-de-cursos hay otro buscador a nivel estatal y también hay enlace a los cursos disponibles en otras comunidades http://www.sepe.es/HomeSepe/Personas/formacion/ofertas-formativas.html En esta página http://www.juntadeandalucia.es/organismos/empleoempresaycomercio/sae/servicios/cursos-fpe-estatal.html hay cursos que dice La Junta de Andalucía que tiene el SEPE. Muy interesante la formación online que hay disponible en fundae. https://www.fundae.es/digitalizate y estos otros Cursos online gratuitos vinculados a las nuevas tecnologías. https://www.juntadeandalucia.es/organismos/empleoformacionytrabajoautonomo/areas/formacion-empleo/cursos-online-digitales.html y por supuesto no te olvides de los cursos de “ANDALUCÍA ES DIGITAL” https://www.formacion.andaluciaesdigital.es/web/formacion"
https://youtu.be/eoTtj6mAKt4,Copiar subtítulos YouTube,#utilidades,,"Os voy a explicar como sacar el texto de subtítulo a un video de YouTube. Para quien no lo sepa aquí se pone y se quita el subtítulo. y aquí donde están los 3 puntitos se puede, entre otras cosas, abrir la transcripción. Pulsa aquí para tener o no los datos del tiempo. Puedes seleccionar para copiar y pegar donde quieras."
https://youtu.be/sqrmZQd3Vbs,Garantía Juvenil perfil oficial,#garantiajuvenil #sepe #sae,,"En este vídeo te resumimos los pasos que debes darar para obtener de una forma sencilla en Certificado de Garantía Juvenil que te acredita como beneficiario de este programa. Garantía Juvenil es un ograma destinado a conseguir la incorporación de jóvenes entre 16 y 30 años al Mercado de Trabajo, que cuenta con una importante financiación de fondos europeos y se encuentra enmarcado dentro de la estrategia de Emprendimiento y Empleo Joven puesta en marcha en nuestro país el año 2013. Más información en http://www.empleo.gob.es/es/garantiaj... y info.garantiajuvenil@meyss.es"
https://www.tiktok.com/@josealbertoxruz/video/6938397534465395973,Certificado digital,#certificadodigital,,
https://www.tiktok.com/@josealbertoxruz/video/6945168788614630661,Carnet de conducir en el movil,#dgt,,
https://www.tiktok.com/@josealbertoxruz/video/6947657151955488005,Como conseguir la clave pin,#clave,,
https://www.tiktok.com/@josealbertoxruz/video/6954421290753166597,Ayudas por desempleo si se acaba el paro,#sepe,,
https://www.tiktok.com/@josealbertoxruz/video/6956191990530723078,Vida laboral y cotización en el movil,#segsocial,,
https://www.tiktok.com/@josealbertoxruz/video/6984763942111300870,Pasaporte covid,#covid,,
https://www.tiktok.com/@josealbertoxruz/video/6961384096496880901,"Tarjeta sanitaria europea, cómo conseguirla",#segsocial,,
https://www.tiktok.com/@josealbertoxruz/video/6990465466741345541,Documentación para evitar multas,#dgt,,
https://www.tiktok.com/@josealbertoxruz/video/6998232260549872901,cuanto cobrarás cuando te jubiles y cuanto cobrarás,#segsocial,,
https://www.tiktok.com/@josealbertoxruz/video/7000829588494470406,Cómo se calcula el Ingreso Mínimo Vital,#segsocial,,
https://www.tiktok.com/@josealbertoxruz/video/7003059223160491270,Cursos homologados con certificado y gratuito,#sepe #sae,,
https://www.tiktok.com/@josealbertoxruz/video/7003429981183282437,Conseguir el número de la seguridad social,#segsocial,,
https://www.tiktok.com/@josealbertoxruz/video/7003799304376798469,Cómo echar el paro por internet,#sepe,,
https://www.tiktok.com/@josealbertoxruz/video/7010848026373672198,Cómo saber si tienes deudas con la seguridad social,#segsocial,,
https://www.tiktok.com/@josealbertoxruz/video/7011220743270731013,Bonificaciones a autónomos/as,,,
https://www.tiktok.com/@josealbertoxruz/video/7011590961952328966,Cómo coger cita presencial en el SEPE,#sepe,,
https://www.tiktok.com/@josealbertoxruz/video/7013455312896167173,Cómo solicitar el certificado de nacimiento,,,
https://www.tiktok.com/@josealbertoxruz/video/7018647052708056326,Cómo saber cuánto te queda de prestación por desempleo de forma online fácilmente,#sepe,,
https://www.tiktok.com/@josealbertoxruz/video/7026452949345848582,Cómo conseguir una copia oficial del título universitario,,,
https://www.tiktok.com/@josealbertoxruz/video/7029052381811838214,Cómo cambiar tus datos personales de la Seguridad Social,,,
https://www.tiktok.com/@josealbertoxruz/video/7034618032890825989,Cómo evitar que te envien mensajes Spam o llamadas comerciales no consentidas cuando estás descansando,,,
https://www.tiktok.com/@josealbertoxruz/video/7037217137332669702,Cómo calcular lo que cobrarás por la prestación por desempleo,,,
https://www.tiktok.com/@josealbertoxruz/video/7039449909598145797,Cómo saber cuánto cotizaste mes a mes,,,
https://youtu.be/ovuGdYdgEfU,Pedir el certificado digital,,,"Entra en la web de la fábrica nacional de moneda y timbre selecciona obtenga o renueve su certificado. pincha en persona física luego en obtener certificado software Hay 4 pasos. Primero Instala el programa que te indica En el paso 2 tendrás que poner tu dni, tu primer apellido y tu correo electrónico tendrás también que aceptar las condiciones dale a enviar petición. Recibirás en tu correo electrónico un código de 9 dígitos con el que te tendrás que presentar en una oficina de acreditación de identidad. Hay un buscador Ese sería el tercer paso. cuando lo hagas, recibirás las instrucciones a seguir para descargar el certificado digital."
https://youtu.be/BwlOpsR48-8,Solicitar prestación en el SEPE,,,"Es necesario tener instalada la última versión de AutoFirma disponible en http://firmaelectronica.gob.es/Home/Descargas.html Para obtener más información de cómo instalar AutoFirma, consulte la página de Preguntas Frecuentes sobre AutoFirma: https://sede.sepe.gob.es/portalSede/firma-electronica/preguntasfrecuentes/autofirma.html Puedes solicitar tu prestación por internet en el sepe, no es nada difícil. sepe.es sede electrónica identifícate certificado digital Pero a algunas personas no le funciona bien. Vamos a intentar ayudar con eso. Utiliza Chrome y certificado digital. Tienes que tener instalado el programa autofirma, en la descripción del video te dejaré escrito el link para que lo bajes y lo instales Tienes que tener habilitadas las ventanas emergentes. Te comento como se hace fácil. Entra en configuración, en buscar escribe emergente, y señala que los sitios puede enviar ventanas emergentes. Recuerda Windows 10, Chrome, certificado digital, autofirma y permitir ventanas emergentes, Ahora solicita tu prestación, será completar y dar a continuar en varios pasos. Inténtalo."
https://youtu.be/M6_qCD0Iwfc,Consultar prestación SEPE,,,"Vamos a consultar los datos de la prestación del sepe. En la web del sepe, señalamos personas consulte su prestación Luego al botón de consultar prestación. Hay que identificarse, voy a hacerlo con pin teléfono móvil Para ello pon el DNI, teléfono móvil y el captcha, entonces recibirás en tu teléfono móvil la contraseña que tendrás que introducir en la siguiente página. El sistema te muestra la última prestación que hayas tenido. Así puedes saber si la que has solicitado te la han aprobado ya."
https://youtu.be/UelWmzPVGM8,Certificados SEPE,,,"Vamos a ver cómo se saca un certificado del sepe con el móvil. Entramos en la web del sepe Señalamos ""personas"" Después obtener su certificado de prestaciones. Abajo hay un botón que pone obtención de certificado En este momento te tienes que identificar Yo lo voy a hacer con certificado digital pero puedes usar clave o Pin Teléfono Móvil Una vez te identifiques podrás elegir el certificado que necesites o quieras. Luego dile que quieres descargarlo de internet y luego a mostrar, ya lo tienes en tu móvil. Búscalo en la carpeta descargas de tu teléfono."
https://youtu.be/NKia8HQCvWM,Tramita,,,Colabora actualizando el Tramita https://sites.google.com/view/tramita
https://youtu.be/Zz8BZVlMtg4,Instalar certificado en el móvil,,,"Veamos cómo instalar el certificado digital
en el móvil.

Abre internet explorer.

Ve a herramientas, opciones de internet.
luego a contenido y después certificado

señala tu certificado digital, y marca exportar
tendrás que señalar exportar clave privada.

Pon una contraseña, ponle un nombre y grábalo.

Ese archivo envíalo de alguna manera al móvil
por whatsapp, correo o bluetooth

Ya en el móvil, pica en el y se extraerá,
te pedirá la contraseña.

Señala que es para VPN y aplicaciones.
Ya está instalado,

Ya puedo, por ejemplo, sacar mi vida laboral."
https://youtu.be/EbrG9A8_qqA,Publica tu currículum en la web del SAE,,,"Publica tu currículo.
Esta es una opción que no conoce mucha gente, las empresas no pueden consultar todos los
currículos de los demandantes de empleo. 
Solo pueden ver los que reciban en sus anuncios de empleo y los que publiquen los propios demandantes.

Te debe interesar que las ofertas te encuentren a ti.
Solo dale a publicar, ponle nombre a la publicación, la categoría en la que pueden buscar la empresa y el ámbito geográfico donde te interesa trabajar.

Puedes poner por ejemplo un currículo en la categoría construcción y otro en la categoría hostelería, para que la empresa tenga unos datos tuyos diferentes si buscan camareros o si buscan albañiles.
o si buscan albañiles."
https://youtu.be/JzMNzgtPgzU,Las alertas del SAE,,,"Veamos como funcionan las alertas. Sirve para que el sistema nos avise si entra  alguna oferta que nos pueda interesar  Podemos tener varias. vamos a crear una nueva para ver como funciona.  Tendremos que poner nombre a cada alerta, y señalar al menos la categoría que nos  interese, podemos poner una palabra clave o seleccionar un ámbito geográfico.  Podemos decir que nos avise por sms o correo electrónico.  Grabaremos y ya lo tenemos, cuando haya alguna oferta que cumpla los requisitos que hemos  puesto el sistema nos avisará."
https://youtu.be/DNZ2NPNM2Ao,Consultar y modificar datos en el SAE,,,"Ahora vamos a ver los datos que tiene el servicio andaluz de empleo sobre nosotros.  Estos datos son los que se usan para las ofertas en las que pone inscribirse y para cuando  el servicio andaluz de empleo hace una búsqueda de candidatos.  Entra en demanda de empleo y dentro de esto en consulta y modificación de la demanda.  Verás que hay datos Personales, Curriculares, Administrativos, Servicios y Empleo.  Dentro de los datos personales puedes cambiarlo todo, dirección, teléfono, correo electrónico,  etcétera.  En los datos curriculares, no puedes cambiar los títulos que tengas ni certificado de  profesionalidad, para eso tendrás que contactar con la oficina.  Pero idiomas, conocimientos informáticos, otros conocimientos, permisos de conducir  o vehículos si puedes anotarlo y se quedará registrado como acreditado verbalmente.  Los datos administrativos y de servicios no puedes cambiarlos y de los datos de Empleo,  solo puedes cambiar las disponibilidades y el ámbito, esto es la zona geográfica donde  quieres trabajar.  Si quieres cambiar ocupaciones solicitadas o titulación tendrás que contactar con la  oficina de empleo."
https://youtu.be/4N6Xk-ggEGc,Hacer y modificar currículum en el SAE,,,"Como hemos dicho antes hay ofertas en las
que nos inscribimos y hay otras donde enviamos

el currículum .

Vamos a ver como se hace y se modifica

Esto no te valdrá para las ofertas donde
pone ""inscribirse""

Una vez que entremos en nuestra área personal,
nos situamos en datos personales y los comprobamos

y rellenamos los datos , hay 7 pasos...

En algunos pasos puedes recuperar los datos
que ya tengas rellenos en tu ficha de demandante.

Ten paciencia, esto solo lo harás una vez
y luego solo cambiarás algo puntualmente

Puedes incluir también tu foto y escanear
algún documento que consideres importante

para tu candidatura.

Cuando lo tengas todo relleno, generas el
currículum le pones nombre y lo grabas.

Puedes tener más de uno por si quieres enviar
uno u otro según el puesto.

Puedes incluir ,o no, cada dato que has rellenado.

Las modificaciones son solo mostrar, o no
mostrar los datos que has rellenado, y el

orden en el que quieres que salgan.

De tal forma que si quieres modificar el currículum
tendrás que modificar los datos y después

incluirlo en este

Siempre puedes borrarlo y generar de nuevo.

Cuando te apuntas a una oferta, en ese mismo
momento le llega a la empresa tus datos y

tu interés en participar en dicha oferta."
https://youtu.be/oMjwl8doAbY,Apuntarse a ofertas sae,,,"Esta es la pantalla principal de búsqueda
de ofertas o anuncios de empleo

Juega con ellas para familiarizarte.
Puedes buscar por categoría y subcategoría,

pero si alguien ha puesto la oferta en otra
categoría puede ser que no encuentres alguna

oferta que te interese.

Yo recomiendo buscar poniendo el texto que
quieras buscar, incluso pon el texto con tilde

y sin tilde.

Busca poniendo el nombre de la localidad o
provincia que te interese o la ocupación

que quieras.

Ten en cuenta que hay dos clases de ofertas,
en unas envías currículum y en otras puedes

inscribirte.

En estas últimas antes de inscribirte consulta
los detalles de la oferta, para ver si hay

algún requisito valorable que tengas pero
no esté registrado en tu ficha.

Arreglarlo antes de apuntarte te dará ventaja.

Si intentas apuntarte y no te deja, puedes
comparar los datos de la oferta y los de tu

demanda para ver que es lo que no cuadra.

Un truco:

Señala Ofertas gestionadas por oficinas

Busca ene, dos puntos, espacio, seguido del
último dígito de tu DNI

Busca también con ese número menos 1

Saldrán las ofertas donde tengas mas oportunidad
en el desempate.

Apunta las búsquedas que haces habitualmente
para crear alertas. Hay dos tipos de ofertas, Las que empiezan por 01, que son ofertas en las que te puedes inscribir si los datos que constan en tus datos de demanda cumplen los requisitos de la oferta. (si no deja que nos inscribamos tendremos que mirar el motivo, lo veremos en el video donde se explica como consultar y modificar la demanda) Y las que no empiezan por 01 en las que envías el currículum que elaboras en esta misma página del SAE a la empresa que pone la oferta. Lo del truco de buscar ""n: x"" siendo x el último digito del DNI es porque la forma de desempatar es utilizando el DNI leído a la inversa (a este número le llamo IND) , si el numero de desempate de la oferta es inferior en poco a tu IND tienes mas posibilidades de salir como candidato y tienes mas posibilidades cuanto mas cerca por debajo está el numero de desempate del IND. En todas las ofertas aparece un texto que dice ""Dígito numérico aleatorio de desempate en la ordenación: "" pero con buscar ""n: "" nos vale."
https://youtu.be/yWZ_KfGii6o,Cómo utilizar la pagina web del Servicio Andaluz de empleo. (introducción),,,Apuntarse a ofertas en difusión https://youtu.be/oMjwl8doAbY Hacer y modificar el Currículum https://youtu.be/4N6Xk-ggEGc Consultar y modificar mis datos del SAE https://youtu.be/DNZ2NPNM2Ao Poner alertas https://youtu.be/JzMNzgtPgzU Publicar tu currículum https://youtu.be/EbrG9A8_qqA
https://youtu.be/1pQTpxt2uSM,Subir a YouTube,,,"Para subir un vídeo a YouTube tenemos que
darle a crear subir video, es ese icono con

un signo más dentro de una cámara de cine.

Arrastramos el archivo sobre el área que
nos indica, y ya empieza a subir.

Mientras, nos pide un título y una descripción
de lo que estamos publicando

Pregunta si es un video dirigido a niños.
En este caso no lo es.

Damos a siguiente

Podemos añadir subtítulos pero yo prefiero
esperar para modificar sobre el que hace YouTube

automáticamente y eso tarda unos minutos.

Así que damos siguiente un par de veces.

Nos preguntará si queremos que sea privado,
oculto o público.

Señala privado para comprobarlo antes.

Dale a guardar y ya puedes verlo.

Si está todo correcto, ponlo como público.

Sugiero que edites los subtítulos para corregir
posibles errores o si tienes el texto en un

archivo puedes hacer un subtítulo nuevo"
https://youtu.be/WXFX3XnSTiQ,Cómo hacer tus propias croquetas de conocimiento,,,"Para hacer una croqueta de conocimiento de
este tipo utilizo ACTIVE PRESENTER

Abro nuevo proyecto en blanco.

Selecciono las pistas de texto y las borro.

Luego voy a cada una de las imágenes que
quiero mostrar, en el orden que quiero mostrar

les doy a imprimir pantalla y pego en la parte
central del proyecto.

Cada vez que hago esto aparece una pista de
imagen nueva.

Ponlas una a continuación de la otra, donde
finaliza una, pon la siguiente.

Repite todas las veces que necesites.

Inserta audio y rellenas en ""text to speech""
el texto que quieres que lea el sintetizador

de voz.

Generas el audio y mueve las imágenes para
que coincida con el texto leído.

Tendrás que repetir varias veces el ciclo
cambiar el texto, generar audio, previsualizar

y cambiar la duración de las imágenes

Luego expórtalo como video, ponle nombre
y sube a YouTube.

Guarda el texto que has puesto para generar
el audio porque te puede servir para los subtítulos

en YouTube."
https://youtu.be/x35KHsSYbug,"COMO HACER PRORROGA SUBSIDIO, (SEPE) PASO A PASO, SIN NECESIDAD DE NINGUN TIPO DE CERTIFICADO.",,,"TRAMITAR LA PRESOLICITUD SIN TENER CLAVE PERMANENTE NI CERTIFICADO DIGITAL, YA SEA PRESTACIÓN CONTRIBUTIVA, SUBSIDIO, COMPATIBILIDADES, BAJAS, CAMBIO DE CUENTA, PRORROGAS, INCIDENCIAS, PAGO ÚNICO, COMPATIBILIDAD DE AUTÓNOMO CON LA PRESTACIÓN, DECLARACIÓN DE RENTAS, PATERNIDAD, MATERNIDAD, INCAPACIDAD TEMPORAL, EXCEDENCIA, O CUALQUIER INCIDENCIA QUE USTED TENGA CON EL SERVICIO PÚBLICO DE EMPLEO ESTATAL, CUMPLIMENTANDO EL FORMULARIO Y DANDOLE A ENVIAR, SE REGISTRA EN EL SERVICIO ELECTRÓNICO Y SE LO RESUELVEN EN SU OFICINA, NO DEJES DE VERLO, TE ACLARÁ LAS DUDAS, COMPARTE EL ENLACE SI CONOCES A ALGUIEN QUE VA PERDIDO, SALUDOS Y ESPERO AYUDAR A QUE SEA MÁS FACIL LA TRAMITACIÓN."
https://youtu.be/GlPtGvn-mg8,"PRE-SOLICITUD PRESTACIÓN INDIVIDUAL Y OTROS TRÁMITES, PASO A PASO.",,,"TUTORIAL ACTUALIZADO A DIA 22/05/2021, PRESTACIONES POR DESEMPLEO, SUBSIDIOS Y OTRAS AYUDAS , COMO SOLICITAR SIN CERTIFICADO, CLAVE PERMANENTE, O CLAVE PIN. SOLO CON INTERNET Y TUS DATOS."
https://youtu.be/HtjKgfk-8-U,"COMO PRESENTAR DECLARACIÓN RENTAS SEPE PASO A PASO, SIN CERTIFICADO DIGITAL.",,,"TRAMITAR LA PRESOLICITUD SIN TENER CLAVE PERMANENTE NI CERTIFICADO DIGITAL, YA SEA PRESTACIÓN CONTRIBUTIVA, SUBSIDIO, COMPATIBILIDADES, BAJAS, CAMBIO DE CUENTA, PRORROGAS, INCIDENCIAS, PAGO ÚNICO, COMPATIBILIDAD DE AUTÓNOMO CON LA PRESTACIÓN, DECLARACIÓN DE RENTAS, PATERNIDAD, MATERNIDAD, INCAPACIDAD TEMPORAL, EXCEDENCIA, O CUALQUIER INCIDENCIA QUE USTED TENGA CON EL SERVICIO PÚBLICO DE EMPLEO ESTATAL, CUMPLIMENTANDO EL FORMULARIO Y DANDOLE A ENVIAR, SE REGISTRA EN EL SERVICIO ELECTRÓNICO Y SE LO RESUELVEN EN SU OFICINA, NO DEJES DE VERLO, TE ACLARÁ LAS DUDAS, COMPARTE EL ENLACE SI CONOCES A ALGUIEN QUE VA PERDIDO, SALUDOS Y ESPERO AYUDAR A QUE SEA MÁS FACIL LA TRAMITACIÓN."
https://youtu.be/4DvUr2NLNbM,Cómo consultar estado prestación SEPE,,,"Al solicitar una prestación en el SEPE, podemos conocer el estado de dicha prestación. Para ello, usaremos el certificado digital o pin móvil."
https://youtu.be/QBQFAJY5WLI,Aplicación informática Gestión Derechos Pago Básico. Registro telemático,,,"en el siguiente vídeo detallamos cómo
realizar el registro telemático de una
cesión con solicitud a la reserva
nacional
[Música]
los impresos definitivo descargado
durante la fase de grabación y
posteriormente firmado junto con la
documentación aportar en registros se
escáner han fusionado en un solo archivo
en formato pdf el cual finalmente se
renombrará con el código de 23 dígitos
de correspondiente impreso que se
ilustra en pantalla este archivo lo
guardaremos en una ruta conocida de
nuestro equipo en pantalla se muestra de
dónde es tener el código de 23 dígitos
con el que se va a nombrar el archivo
pdf que vamos a registrar
seguidamente se lucha cómo elaborar el
fichero pdf objeto del registro
telemático primero descargaremos el
impreso a firmar segundo se firmará los
impresos descargados y se escanearán
[Música]
tercero escanearemos la documentación al
incorporar junto con los impresos
[Música]
y
y por cuarto y último fusión haremos en
un solo pdf los impresos y la
documentación que nombraremos dígitos
referidos
el tamaño del archivo pdf que se vaya a
registrar no podrá superar los 25 megas
en caso es el mayor fracción haremos la
documentación en varios archivos pdf el
primero de ellos que se registrará en el
mismo acto incluirán los impresos
firmados y parte de la documentación no
superando en tamaño al límite máximo el
resto de documentación se incluirá en
sucesivo archivos como anexos de
documentación al primer registro
siguiendo la secuencia que abordaremos
en otro vídeo
deberá tenerse en consideración que para
proseguir con el registro telemático del
segundo y sucesivo anexo habrá que
respetar la secuencia del orden de la
documentación vinculada evitando que se
suba de forma desordenada
el proceso de registro se realiza desde
la opción menú gestión de comunicaciones
registro telemático nuevos registros en
la pantalla inicial de registro podremos
consultar la matriz de compatibilidad de
dos firmas según la versión del
navegador y según el sistema operativo
instalado desde esta pantalla también
podremos descargar e instalar o
actualizar el software necesario para
firma
para iniciar el registro deberemos
pulsar el botón continuar registro
pero seguiremos seleccionando el
certificado para firma
la aplicación comprobará que el dni de
la firma coincide con el de usuario que
se selecciona en grabación como
motorizado para registrar
telemáticamente y recordamos podría ser
a su vez distinto al de grabación nos
remitimos ejecutoriales una licencia de
grabación
a aquellas entidades que le informan del
certificado de personas jurídicas para
materializar la firma esta electro
telemática
necesitamos usuario de la aplicación de
pago básico que debe estar asociado a la
persona vinculada a dicho certificado
dicho usuario sea el que
sistemáticamente se seleccione
finalización de la grabación con
autorizado para la referida en firma y
registro
retomando la secuencia buscaremos dentro
de nuestro directorio el fichero punto
pdf con la documentación del trámite que
vamos a registrar y pulsaremos registrar
pdf
[Música]
[Música]
seleccionaremos de nuevo el certificado
para firmar finalizando el registro
[Música]
[Música]
completada el proceso en pantalla se
mostrará el trato de registro desde aquí
también podremos imprimir justificante
del mismo
como recordatorio informamos que tras la
materialización de la presentación
telemática del correspondiente trámite
no es necesario reiterarlo en soporte
papel con la aportación de la misma
documentación en un registro ordinario
en todo caso el justificante de registro
telemático y la documentación acompañada
deberá estudiarse por el interesado para
ulteriores comprobaciones
para consultar los registros telemáticos
realizados por un usuario accederemos a
gestión de comunicaciones de ejes o
telemático consultar en la siguiente
ventana se podrán establecer los
criterios de búsqueda que aparecen en
pantalla pudiendo seleccionarse uno o
varios de ellos y a continuación
pulsaremos consultarlos
[Música]
"
https://youtu.be/tsNm8aPe88M,Registro de Maquinaria Agrícola Andalucía [ROMA],,,"el presente vídeo tiene como objetivo
mostrar cómo registrar una máquina o
equipo nuevo en roma' de manera
telemática habrá que realizar dos pasos
principales diferenciados que son en
primer lugar habrá que dar de alta a la
máquina o el equipo encima al que se
accede a través del primer enlace
posteriormente se pasará a la
presentación de un registro en bea al
que se accede a través del segundo
enlace se comienza rellenando los datos
de la máquina en firma al que se accede
a través del primer enlace una vez
dentro el alta se puede realizar desde
público donde no hará falta utilizar el
certificado digital o desde registro
telemático descripción es donde se
accederá con certificado digital
es importante saber que aunque en este
primer paso no sea necesario el
certificado digital una vez terminado si
será necesario para posteriormente
registrar la solicitud en ve a la
ventanilla electrónica de la
administración se procede alerta en este
caso se va a realizar sin certificado
digital será necesario conocer el dni y
el número de bastidor de la máquina o
equipo que se vaya a inscribir se pulsa
sobre público consulta y registro
telemático romá
una vez dentro pulsamos en la parte
superior izquierda en registro
telemático roma en la opción solicitudes
de registro telemático de maquinaria
cómo se va a proceder a dar de alta una
nueva máquina se pulsa arriba a la
derecha en el símbolo más alta para
rellenar los datos de la misma se abrirá
el formulario que habrá quedado
se rellena todos los datos que
correspondan los que he marcado con un
asterisco son obligatorios
se indicará la actividad en la que se va
a emplear la máquina en caso de que sea
para realizar una actividad ganadera el
titular tendrá que estar previamente
inscrito en siga en el caso de que sea
para desarrollar una actividad agraria
el titular tendrá que estar previamente
inscrito en rafáh en este caso se va a
indicar que es para prestación de
servicios agrarios
una vez realizado todo lo anterior se
procede a indicar los datos de la
máquina o equipo la marca y modelo habrá
que buscarlos y seleccionarlos en este
apartado se puede buscar por código de
la marca o por nombre se insertará los
caracteres de la marca y se mostrará un
desplegable en el que se seleccionará la
marca correspondiente y se pulsará a
aceptar
de igual forma se procede con el modelo
en caso de no localizar la marca el
modelo o la estructura que se rellenará
posteriormente se debe comunicar a
través del correo electrónico del cau
roma adjuntando la ficha técnica una vez
le lleno todos los datos existen dos
opciones guardar que permite realizar
más tarde cualquier modificación antes
de presentar la solicitud guardar y
validar contra el registro de maquinaria
red más si se pulsa esta opción la
solicitud estará lista para presentar si
todo está correcto aparecerá este
mensaje y se impulsará a cerrar ahora se
procederá a presentar la solicitud para
posteriormente registrar la envía
podemos ver el listado de solicitudes
insertando en los filtros el dni y el
número de bastidor como se aprecia
faltan algunos datos como el localizador
que aparecerá una vez se haya terminado
de presentar la solicitud en firma y
será obligatorio para presentar la
solicitud en día
se pueden realizar varias acciones que
se muestran a la derecha de la pantalla
la lupa muestra los datos que se han
registrado de la máquina el lápiz
permite modificar los datos registros la
papelera elimina los datos que se han
registrado el icono del folio permite
ver la descripción una vez se haya
presentado esta presentación se hace a
través del botón del icono del folio con
un lápiz se procede ahora a presentar la
solicitud en firma pulsando a este
último icono presentar inscripción
aparecerá este mensaje la inscripción ha
sido presentada correctamente y se
pulsará cerrar ya aparecen el
localizador y el número de descripción
en firma el localizador será necesario y
obligatorio para registrar la solicitud
descripción envía una vez realizado
todos estos pasos se procede a la
presentación en vía con certificado
electrónico será el del solicitante el
de representante o el de la persona
habilitada el proceso de habilitación se
encuentra descrito en el vídeo tutorial
al estar habilitado en este caso se hará
como solicitante una vez dentro se
localiza el procedimiento dentro del
buscador insertando 152 o escribiendo
román
se pulsa en la opción 2 declaración
responsable de alta de maquinaria nueva
en el registro oficial de maquinaria
agrícola nueva solicitud iniciar
solicitud con certificado electrónico
aparecerá la opción de creación del
nuevo borrador
una vez leído se pulsará no volverá a
mostrar
[Música]
en el exo 4 se pulsa iniciar se
selecciona la calidad de la persona que
va a realizar la presentación en este
caso se hará como solicitante a
continuación se pulsa en pulse aquí para
prevé llenar algunos datos de su
solicitud y realizar algunas
comprobaciones adicionales
aparecerá como válido el mensaje de
comprobación en firma seguidamente se
indicará en el desplegable el
localizador de la máquina o equipo que
se quiere presentar que es el que ha
proporcionado anteriormente sirva a
continuación se rellenan los datos de la
persona o entidad solicitante se marca
la opción de notificación que se
prefiera en papel o telemática y se
rellenan los campos en el apartado que
proceda se marca la casilla en el
apartado de declaración una vez
terminada el formulario se pulsará el
botón finalizar y aparecerá el número de
entrega si se desea incorporar a
dependiente cualquier tipo de
documentación como el acta en el iaj el
dni o cualquier otro tipo de documento
se podrá realizar a través de los
siguientes botones ahora se firmará esa
declaración responsable de alta de
maquinaria en roma' pulsando firmar
aparecerá una nueva ventana indicando
que lo que se va a firmar en el anexo 4
la declaración responsable de alta en el
rol
se pulsa afirmar y se selecciona el
certificado con el que se va a realizar
el registro una vez firmado se pasa al
paso 3 el de presentación en la parte de
debajo de la pantalla se pulse el botón
presentar
una vez se haya tramitado la solicitud
por parte de la administración podrá
descargarse la descripción en roma'
desde la carpeta documento para poder
ver el estado en el que se encuentra"
https://youtu.be/AV2u9vEO5fc,Derechos Pago Básico: cesiones y solicitudes Reserva Nacional. Finalización (2ª parte),,,"en el siguiente vídeo detallaremos cómo
finalizar el proceso de grabación de una
sesión solicitó a la reserva nacional
como paso previo para poder realizar su
registro
[Música]
en el último paso de grabación antes de
pulsar el botón finalizar deberemos
indicar que se va a realizar el registro
telemático y el usuario que lo va a
realizar que puede ser el mismo o
distinto el que realiza la grabación
en el desplegable de usuario de
registros se mostrarán todos los
usuarios de la entidad que tienen
permiso para realizar el registro
telemático la única premisa a tener en
cuenta es que el dni del usuario que se
seleccione sea el mismo dni al que esté
asociado el certificado decir
una vez seleccionado el usuario pulsando
el botón de imprimir comprobaremos en
los impresos en modo borrador que todos
los datos grabados son correctos y a
continuación pulsaremos el botón
finalizar para concluir la grabación
concluida la grabación pulsaremos de
nuevo el botón imprimir para descargar
los impresos definitivos
ah
y
[Música]
"
https://youtu.be/meOPVU9Y3iw,Derechos Pago Básico: Anexo a documentación por Registro Telemático,,,"en el siguiente vídeo se describe los
pasos para realizar el registro
telemático de nueva documentación a una
cesión o solicitud a la reserva nacional
independientemente de que éste haya sido
presentar el registro físico o
telemático a continuación se detalla la
premisa para presentar nueva
documentación por registro telemático
según el tipo de registros previos del
trámite vinculado su puesto de registro
previo físico el trámite vinculado
deberá estar finalizado y tener el pdf
visible en la aplicación su puesto de
registro previo telemático no sería
necesaria esta comprobación asimismo en
ambos supuestos el usuario que va a
registrar en eso deberá pertenecer a la
misma entidad reconocida que grabó el
trámite inicial la que se pretende
vincular la nueva documentación el
fichero en formato pdf el resultado de
la documentación escaneada aportar en
registro se nombrará con la misma
identificación de 23 dígitos del código
de barras que aparecen los impresos del
trámite vinculado este archivo lo
guardaremos en una nota conocida de
nuestro equipo
en pantalla se muestra de dónde es tener
el código de 23 dígitos con el que se va
a nombrar el archivo pdf que vamos a
registrar
el tamaño del archivo pdf que se vaya a
registrar no pero a superar los 25 megas
en caso de ser mayor
reaccionaremos la documentación en
varios archivos
el primero de ellos incluirá parte de la
documentación no superando el tamaño al
límite máximo
para el segundo y sucesivo anexo habrá
que respetar la secuencia del orden de
la documentación vinculada evitando que
se suba de forma desordenada
a continuación se muestra un ejemplo de
buena práctica con la secuencia
aconsejadas de grabación
[Música]
el proceso de registro se realizará
desde la opción de menú gestión de
comunicaciones registro telemático nuevo
registro
en la pantalla inicial podremos
consultar la matriz de compatibilidad de
auto firma según la versión del
navegador y según el sistema operativo
instalado desde esta pantalla también
podremos descargar instalar o actualizar
el software necesario para firma para
iniciar el registro deberemos pulsar el
botón continuar registros
la aplicación comprobará que el dni de
la firma coincide con el dni de usuario
que se selecciona en grabación como
autorizado para registrar
telemáticamente que recordamos podría
ser a su vez distinto al de grabación
nos remitimos el tutorial de
finalización de grabación
a aquellas entidades que dispongan de un
certificado de persona jurídica para
materializar la firma y registro
telemático
necesitamos usuario de la aplicación del
pago básico que debe estar asociado a la
persona vinculada a dicho certificado
dicho usuario será el que
sistemáticamente se seleccione
finalización de la grabación con
autorizado para el referir la firma y
registro
retomando la secuencia marcaremos la
casilla marcar en caso de que se desee
registrar nueva documentación y
buscaremos dentro de nuestro directorio
el fichero punto pdf con la
documentación anexa al trámite que vamos
a registrar y pulsaremos registrar pdf
[Música]
[Música]
ah
seleccionaremos de nuevo el certificado
para firmar finalizando el registro
[Música]
completado el proceso en pantalla se
mostrará los datos del registro desde
aquí también podremos imprimir
justificante
como recordatorio informamos que tras la
materialización de la presentación
telemática del correspondiente trámite
no es necesario retirarlo en soporte de
papel con aportación de la misma
documentación en un registro ordinario
en todo caso el justificante de registro
telemático y la documentación acompañada
deberá que estudiarse por interesados
para ulteriores comprobaciones
para consultar los registros telemáticos
realizados por un usuario accederemos a
la gestión de comunicaciones registro
telemático consultar en la siguiente
ventana se podrán establecer los
criterios de búsqueda que aparecen en
pantalla pudiendo seleccionarse uno o
varios de ellos y a continuación
pulsaremos consultas
[Música]
"
https://youtu.be/b5BONTvMAUg,5 Consejos para grabar con tu movil en 50 seg,,,
https://youtu.be/NWI18RFtmjY,kit basico de creacion audiovisual,,,"Tutorial Loom: https://www.youtube.com/playlist?list...

Tutorial Genially: https://www.youtube.com/playlist?list...

Tutorial PowToon: https://www.youtube.com/playlist?list...

Tutorial ShotCUt: https://www.youtube.com/playlist?list..."
https://youtu.be/_X4nO9e1WDY,Cómo inscribirte como demandante de empleo en el SAE,,,"hola a todos bienvenidos al canal mi
nombre es anabel soy trabajadora social
y hoy vamos a hablar de cómo inscribirse
como demandante de empleo
[Música]
en este vídeo nos vamos a centrar en el
servicio andaluz de empleo pero si eres
de otra comunidad puedes enviarle un
correo al email que aparece en pantalla
y trataré de ayudarte aprovecho para
recordaros que podéis enviarme también a
ese mismo email sugerencias de nuevo
contenido tanto para la web como para el
canal
[Música]
el primer paso es acceder a la web de
servicio andaluz de empleo en el área de
gestión os dejaré todos los enlaces
tanto en la web como en la cajita de
información del vídeo tendréis que
acceder al apartado demanda de empleo
para poder acceder bien con vuestro
usuario y contraseña o con vuestro
certificado digital
en el caso de que sea la primera vez que
tratáis de entrar a este servicio
podéis registraros sin tener que acudir
a ninguna oficina sólo tendréis que
cumplimentar el formulario de registro
para recibir nuestro usuario y
contraseña y acceder a la información si
no recuerdas la contraseña que te
facilitaron en su momento puedes
recuperarla introduciendo los datos que
te piden para que te la envíen venga vía
sms a tu teléfono o por email una vez
que hemos accedido a nuestra área de
demanda de empleo solo tendremos que
aplicar en la columna derecha donde pone
la descripción de la demanda
en el caso de que sea la primera vez que
vas a inscribirte como demandante de
empleo deberán cumplimentar una
solicitud para que te gestionen la alta
desde la oficina o en el caso de que sea
posible desplazarte para que ellos te
hagan la inscripción
hasta aquí el vídeo de hoy no olvides
suscribirte y recuerda que tienes más
contenido en la web"
https://youtu.be/gJTMlqNTZT0,Conoce mejor la Beca 6000,,,"desde el curso 2009-2010 la consejería
de educación convoca la beca 6000 con la
que se pretende prevenir el abandono del
alumnado y lograr su continuidad y su
éxito dentro del sistema educativo no
obstante la obtención y mantenimiento de
la beca por parte del alumnado dependerá
de la concesión de la beca general y su
rendimiento académico en la evaluación
ordinaria del curso
la solicitud de becas y ming se
encuentra en la secretaría virtual de la
consejería de educación y deportes
dentro de la pestaña becas y ayudas
podremos acceder a la solicitud
para acceder a la solicitud de beca 6000
es necesario introducir el nif o nie del
solicitante y su código de solicitud de
la beca general también es posible
acceder con el dif o nie de algunos de
los tutores o representantes legales
incluidos en la solicitud de beca
general a partir de este momento los
datos cargados en el sistema serán
aquellos que se introdujeron para el
solicitud de beca general
a continuación se muestran las
instrucciones para completar la
solicitud de beca 6000 tenga en cuenta
que podrá finalizar el trámite de manera
rápida y sencilla a través de internet
no obstante también podrá rellenar la
solicitud imprimirla firmarla y
entregarla en su centro educativo dentro
del período de solicitud donde las
sellarán y darán registro de entrada
si los datos introducidos son correctos
se mostrará el nombre del solicitante y
los estudios para los cuales se ha
solicitado la beca general
en datos personales podrá comprobar que
los datos identificativos del
solicitante son correctos asegúrese que
el teléfono móvil y el correo
electrónico son válidos ya que serán
estos medios los utilizados para la
comunicación de cualquier información
relativa a su solicitud
en los datos académicos de la solicitud
deberás seleccionar el curso en el que
está matriculado y para el cual se
realiza la solicitud de beca
en caso de que fuera perceptor de la
beca se realizará el ingreso en la
cuenta que indique en la solicitud
podrás seleccionar la misma que utilizó
en la beca general o indicar una nueva
asegúrese que la cuenta está dada de
alta en su tesorería y que el
solicitante se encuentra como titular o
cotitular de la misma puedes realizar el
arte de su cuenta en el servicio de
tesorería bien a través de certificado
electrónico en su oficina virtual o
presentando la documentación bancaria en
la secretaria general provincial de
hacienda industria energía
a través de los consentimientos usted
permite la consulta de datos con otras
administraciones esto hace que no tenga
que adjuntar documentación alguna y el
trámite de su solicitud se realice de
una manera más ágil y segura
para prestar este consentimiento tendrá
que marcar la casilla correspondiente en
la columna identidad residencia y empleo
e incluir el líder y fechas de caducidad
del nif para cada uno de los miembros de
la unidad familiar si algún miembro de
la unidad familiar ha renovado su nick
tras la presentación de la solicitud de
la beca general podrá encontrar
problemas si se encuentra en este caso
introduzca la misma información que
utilizó en la solicitud de beca general
aunque los knicks hayan sido renovados
si no recuerda la información o tiene
algún problema de validación contacte
con el cauce en el teléfono 900 848 000
en cualquier caso si persisten los
problemas siempre tendrá la opción de
presentar su solicitud de manera
presencial en su centro educativo
si usted ha decidido no consentir la
consulta de información con otras
administraciones estará obligado a
adjuntar la documentación que acredite
cada uno de los requisitos de la beca
en caso de no consentir la consulta de
identidad deberá aportar el link de los
miembros de su unidad familiar si
tampoco consciente la consulta de
residencia
deberá portar un padrón histórico y en
caso del consentimiento de empleo un
certificado emitido por el sae que
indique que no se encuentra como
demandante de empleo desde el mismo día
que comenzó el curso no obstante si
aparece como beneficiario de la beca al
final del curso deberá portar de nuevo
el certificado del sae indicando que no
ha estado dado de alta como demandantes
de empleo a lo largo de todo el curso
escolar
en caso de no consentir algunas de las
consultas de datos deberá adjuntar la
documentación precisa mientras tanto no
se permitirá continuar
si ha optado por tele tramitar la
solicitud y la información de la unidad
familiar coincide con la introducida a
la solicitud de beca general verá el
botón rojo de firmar y presentar
mediante esta opción podrá firmar y
presentar su solicitud introduciendo los
datos de ides y fechas de caducidad en
caso de que el solicitante sea menor de
edad la firma deberá realizarla algunos
de sus tutores si todo es correcto en la
siguiente pantalla aparecerá el estado
de su beca como presentada y la fecha de
finalización si descarga la solicitud
podrá observar que en la parte superior
derecha aparece el sello que valida su
presentación
si no ha consentido el cruce de datos o
la información de firma no es válida el
sistema sólo le permitirá imprimir la
solicitud rellena si opta por esta vía
el estado de su solicitud será
cumplimentada y no tendrá validez alguna
en este caso está obligado a descargar
la solicitud imprimirla y presentarla en
la secretaria de su centro educativo
antes de finalizar el periodo de
solicitud de la beca"
https://youtu.be/XKqQgczzuqY,Tutorial Beca MEC 2021-22 ➡️ Como Solicitar y Rellenar la beca en 2 minutos,,,"¿Quieres saber cómo solicitar la Beca MEC de 2021-22? En este vídeo de dos minutos te explicamos cómo pedir la Beca MEC en pocos pasos con todos sus requisitos ✅ Podrás rellenar tu Beca MEC para 2021 y 2022 de forma rápida y sencilla con este tutorial 😉

⏰ Marcas de tiempo ⏰
0:00 Dónde solicitarla
0:28 Cómo registrarse en el portal
0:50 Cómo rellenar los distintos campos
1:10 Comienza el trámite
1:43 Cómo rellenar datos bancarios
2:12 Cesur Líder de la FP
2:23 Más información"
https://youtu.be/-ppWHdwF-9g,Cómo hacer una app rápida,#app #appsheet,,"La App más rápida.

Crea una hoja de cálculo de Google
Rellena los títulos de las columnas, y si quieres algunos datos
En extensiones puedes elegir crear una aplicación.
Será una aplicación donde puedas consultar editar y añadir registros
Tendrás que elegir una clave única en las columnas para lo cual en este caso, tengo que poner grupo y disco ya que un grupo puede tener mas de un disco, y señalo también que la portada es tipo imagen.
Pues ya la tienes solo te queda poner los usuarios que pueden usarlo y enviar el enlace.
Así se vería el enlace y podrías, por ejemplo, tomar una foto de la portada para editar el disco.
Así se vería en el móvil y se puede hacer una foto de la portada.
Puedes también compartir al público en general, Ten cuidado que en este caso cualquiera puede consultar e incluso borrar los datos.

En un próximo video veremos un ejemplo de 2 tablas relacionadas, indicando las canciones que componen cada disco."
https://youtu.be/lIMPNVwIfDY,Cómo hacer una app rápida con app sheet segunda parte,#appsheet,,"Vamos ahora a complicarlo un poco
vamos a poner las canciones que tiene cada disco.
Creamos una hoja nueva en la hoja de cálculo.

Editamos nuestra APP y vemos que nos ofrece añadir una nueva tabla con la hoja que hemos creado.

La añadimos y vemos las columnas.
Ha señalado que la columna disco es una referencia a la clave de la otra tabla. esto lo ha hecho por inteligencia artificial.

Ahora en nuestra APP cuando consultamos un disco nos lista debajo las canciones que tiene.

Yo quiero además que pueda consultar las canciones sueltas.
Voy a UX que es interfaz de usuario y creo una nueva vista principal que voy a llamar canciones para los datos de esa hoja.
Con esto ha aparecido otro botón en la APP, para consultar las canciones.
ya está.
Cuando consultas un disco te dice las canciones que tiene, y cuando consultas una canción te dice en que disco está.
Podrás añadir canciones a los discos, y añadir discos.
Editar, incluso puedes poner un enlace al video de la canción."
https://youtu.be/A7Nye_aNMQY,Comprobación de disponibilidad ofertas publicadas,#oficinasae,,"hola os voy a explicar cómo hago ya un
listado de comprobación para llamar por
teléfono a la gente que se apuntan a las
puertas públicas yo utilizo dos
programas que vienen de con windows
desde siempre uno que recortes lo podéis
buscar aquí en herramientas
de windows
herramientas recortes y utilizo otro
también de siempre que es paint lo que
hago es que las dos aplicaciones está la
tengo anclada a la barra de tareas
eso se hace arrastrando
el icono hacia aquí te dirán que si lo
quiere anclar a mí no me deja porque ya
está ya está anclado vale tanto uno como
otro bueno qué es lo que hago pues como
no se puede sacar un pantallazo donde
aparezca el teléfono y el nombre porque
no cabe en la misma pantalla yo lo que
hago es que cree corto
para evitar problemas de protección de
datos
he quitado del dni los apellidos pero
imaginar esto vale corto y corto del dni
el orden error de entre calculado esa
primera columna
esto una vez que los recortes se quedan
en el portal pero me voy al paint y le
digo pegar
y ahora vuelvo otra vez a la pantalla
está me voy a la parte del teléfono
imaginaros otra vez
qué es esta parte de aquí tampoco lo
querido poner los temas de
de protección de datos
[Música]
y pego corto
[Música]
y ve otra vez
en el país
y ahora por la flechita del cursor
lo pongo al lado
donde coincidan
y este archivo ya lo guardo y además lo
empleó porque va a seguir para para
llamar por teléfono perdona que no se
vea claramente lo que yo consigo porque
no quiero que esto se quede grabado con
datos de personas vale
bueno nada más un saludo
"
https://youtu.be/7G68NmZYkrM,Cómo se registra una oferta del Pfea de puestos no cualificados.,#oficinasae,,"Veamos cómo se registra una oferta del PFEA de  puestos no cualificados, lo primero es entrar  
en alta de ofertas en esta primera pantalla  rellenamos el dato de programa especial con  
emparejamiento sin ocupación, nos pide duración  del contrato que suelen ser de 12 a 15 días   
hay que poner desempleados con la disponibilidad 0008  ámbito territorial municipio o pedanía si así lo  
pidiesen y un candidato por puesto. En la pestaña  de servicios tenemos que poner en servicios  
recibidos un check de ausencia del servicio 440  desde la fecha de hace un año hasta la fecha  
de hoy en servicios en curso sólo el check de  ausencia del servicio 440, rellenamos los datos de  
programa especial y con esto ya hemos terminado  de registrar la oferta, ¡espero que te sea útil!
"
https://youtu.be/iPc_bj5k-d4,Búsqueda parametrizada en Hermes,#oficinasae,,"búsqueda parametrizada en Hermes en este  caso voy a hacer una búsqueda de ejemplo  
entramos en demanda y dentro de  esto en búsqueda parametrizada
hacemos clic sobre mantenimiento y después  en nuevo ponemos un nombre y aceptamos
luego seleccionamos que filtro queremos poner en  
este caso ámbito territorial le damos  a filtros y rellenamos Castilblanco
volvemos a la parte izquierda y seleccionamos esta  
vez colectivo especial le damos a filtro  y rellenamos servicios previos al empleo
vamos a poner otro filtro, nos vamos  a disponibilidad específica y ponemos  
filtro y rellenamos código de disponibilidad  0008 como hemos puesto este último filtro como  
""O"" le estamos diciendo al ordenador que  queremos saber los demandantes que hay en  
Castilblanco que o bien son demandante  de servicios previos al empleo o bien  
del colectivo 0008 o bien las dos cosas a  la vez si os fijáis la línea 1 está más a  
la izquierda que las otras eso quiere decir que  esa condición se tiene que cumplir y la línea 2  
y la 3 están al mismo nivel eso es porque vale  con que se cumpla una de las dos condiciones
"